{
 "mdsDat": {
 "x": [ 0.32974, -0.34368, 0.013944 ],
"y": [ 0.19789, 0.17475, -0.37264 ],
"topics": [ 1, 2, 3 ],
"Freq": [ 36.087, 34.777, 29.136 ],
"cluster": [      1,      1,      1 ] 
},
"tinfo": {
 "Term": [ "america", "year", "work", "american", "peopl", "can", "new", "will", "know", "make", "just", "need", "world", "that", "countri", "chang", "job", "want", "like", "famili", "now", "one", "time", "right", "even", "better", "get", "economi", "let", "see", "america", "american", "new", "will", "make", "world", "countri", "job", "want", "now", "right", "economi", "let", "thing", "nation", "sure", "back", "futur", "protect", "first", "secur", "togeth", "past", "mani", "power", "good", "opportun", "use", "young", "centuri", "year", "work", "can", "need", "like", "famili", "one", "time", "better", "get", "keep", "busi", "worker", "come", "made", "polit", "tonight", "take", "done", "pay", "congress", "live", "next", "care", "ever", "start", "system", "today", "unit", "best", "peopl", "know", "just", "chang", "even", "see", "way", "hillari", "got", "kid", "hard", "look", "presid", "tri", "valu", "cut", "elect", "fight", "great", "issu", "love", "ago", "dont", "happen", "hope", "creat", "democraci", "tell", "folk", "matter", "still", "vote", "that", "give", "state", "everi", "that", "help", "everi" ],
"logprob": [     30,     29,     28,     27,     26,     25,     24,     23,     22,     21,     20,     19,     18,     17,     16,     15,     14,     13,     12,     11,     10,      9,      8,      7,      6,      5,      4,      3,      2,      1, -3.4636, -3.6128, -3.816, -3.816, -3.8302, -4.0896, -4.1083, -4.1274, -4.1468, -4.3174, -4.365, -4.4409, -4.495, -4.5521, -4.6127, -4.7462, -4.7826, -4.7826, -4.9003, -4.9429, -4.9873, -4.9873, -5.0338, -5.0826, -5.0826, -5.1338, -5.1338, -5.1338, -5.1879, -5.245, -3.4709, -3.6029, -3.6889, -4.0752, -4.2843, -4.3078, -4.3319, -4.3566, -4.3819, -4.3819, -4.6114, -4.6781, -4.6781, -4.7872, -4.7872, -4.7872, -4.8264, -5.0007, -5.0495, -5.1007, -5.1548, -5.1548, -5.1548, -5.2119, -5.2119, -5.2119, -5.2119, -5.2119, -5.2119, -5.2725, -3.6083, -3.8074, -3.8776, -4.1007, -4.3584, -4.4836, -4.4836, -4.5525, -4.6658, -4.7492, -4.7936, -4.9401, -4.9401, -4.9401, -5.0513, -5.1119, -5.1119, -5.1119, -5.1119, -5.1119, -5.1119, -5.1764, -5.1764, -5.1764, -5.1764, -5.2453, -5.2453, -5.2453, -5.3194, -5.3194, -4.6445, -4.8889, -3.726, -5.1007, -4.7872, -4.2213, -4.7462, -5.0338, -5.0495 ],
"loglift": [     30,     29,     28,     27,     26,     25,     24,     23,     22,     21,     20,     19,     18,     17,     16,     15,     14,     13,     12,     11,     10,      9,      8,      7,      6,      5,      4,      3,      2,      1,  1.019,  1.019, 1.0189, 1.0189, 1.0189, 1.0189, 1.0189, 1.0188, 1.0188, 1.0188, 1.0187, 1.0187, 1.0187, 1.0186, 1.0186, 1.0185, 1.0185, 1.0185, 1.0184, 1.0184, 1.0183, 1.0183, 1.0183, 1.0182, 1.0182, 1.0182, 1.0182, 1.0182, 1.0181, 1.0181,  1.056,  1.056,  1.056, 1.0558, 1.0558, 1.0558, 1.0557, 1.0557, 1.0557, 1.0557, 1.0556, 1.0555, 1.0555, 1.0555, 1.0555, 1.0555, 1.0554, 1.0553, 1.0552, 1.0552, 1.0551, 1.0551, 1.0551, 1.0551, 1.0551, 1.0551, 1.0551, 1.0551, 1.0551,  1.055, 1.2329, 1.2329, 1.2328, 1.2327, 1.2326, 1.2325, 1.2325, 1.2325, 1.2324, 1.2323, 1.2323, 1.2321, 1.2321, 1.2321,  1.232, 1.2319, 1.2319, 1.2319, 1.2319, 1.2319, 1.2319, 1.2318, 1.2318, 1.2318, 1.2318, 1.2317, 1.2317, 1.2317, 1.2316, 1.2316, 0.9573, 1.1825, 0.8639, 1.0048, 0.8824, 0.8134, -0.1563, 0.5447, -0.0148 ],
"Freq": [     79,     75,     66,     68,     55,     61,     55,     55,     45,     55,     42,     41,     42,     71,     41,     33,     40,     40,     33,     32,     33,     32,     31,     32,     26,     30,     30,     29,     28,     23, 79.338, 68.342, 55.774, 55.774, 54.989, 42.422, 41.636, 40.851, 40.066, 33.782, 32.211, 29.855, 28.284, 26.713, 25.142,     22, 21.215, 21.215, 18.859, 18.073, 17.288, 17.288, 16.502, 15.717, 15.717, 14.931, 14.931, 14.931, 14.146,  13.36, 75.899, 66.511, 61.034, 41.474,  33.65, 32.868, 32.086, 31.303, 30.521, 30.521, 24.262, 22.697, 22.697,  20.35,  20.35,  20.35, 19.568, 16.438, 15.656, 14.873, 14.091, 14.091, 14.091, 13.308, 13.308, 13.308, 13.308, 13.308, 13.308, 12.526, 55.426,  45.42, 42.341, 33.874, 26.177, 23.099, 23.099, 21.559,  19.25, 17.711, 16.941, 14.632, 14.632, 14.632, 13.092, 12.323, 12.323, 12.323, 12.323, 12.323, 12.323, 11.553, 11.553, 11.553, 11.553, 10.783, 10.783, 10.783, 10.014, 10.014, 24.357, 15.402, 49.268, 14.873,  20.35, 30.026,     22, 16.502, 15.656 ],
"Total": [     79,     75,     66,     68,     55,     61,     55,     55,     45,     55,     42,     41,     42,     71,     41,     33,     40,     40,     33,     32,     33,     32,     31,     32,     26,     30,     30,     29,     28,     23, 79.353, 68.357,  55.79,  55.79, 55.004, 42.437, 41.652, 40.866, 40.081, 33.797, 32.227,  29.87, 28.299, 26.728, 25.158, 22.016,  21.23,  21.23, 18.874, 18.089, 17.303, 17.303, 16.518, 15.732, 15.732, 14.947, 14.947, 14.947, 14.161, 13.376, 75.915, 66.526,  61.05,  41.49, 33.666, 32.884, 32.101, 31.319, 30.536, 30.536, 24.277, 22.713, 22.713, 20.365, 20.365, 20.365, 19.583, 16.454, 15.671, 14.889, 14.106, 14.106, 14.106, 13.324, 13.324, 13.324, 13.324, 13.324, 13.324, 12.542, 55.441, 45.435, 42.357,  33.89, 26.193, 23.114, 23.114, 21.575, 19.266, 17.726, 16.957, 14.648, 14.648, 14.648, 13.108, 12.338, 12.338, 12.338, 12.338, 12.338, 12.338, 11.569, 11.569, 11.569, 11.569, 10.799, 10.799, 10.799, 10.029, 10.029, 25.912, 16.203, 71.276, 15.658, 24.214, 45.689, 71.276, 26.524, 45.689 ],
"Category": [ "Default", "Default", "Default", "Default", "Default", "Default", "Default", "Default", "Default", "Default", "Default", "Default", "Default", "Default", "Default", "Default", "Default", "Default", "Default", "Default", "Default", "Default", "Default", "Default", "Default", "Default", "Default", "Default", "Default", "Default", "Topic1", "Topic1", "Topic1", "Topic1", "Topic1", "Topic1", "Topic1", "Topic1", "Topic1", "Topic1", "Topic1", "Topic1", "Topic1", "Topic1", "Topic1", "Topic1", "Topic1", "Topic1", "Topic1", "Topic1", "Topic1", "Topic1", "Topic1", "Topic1", "Topic1", "Topic1", "Topic1", "Topic1", "Topic1", "Topic1", "Topic2", "Topic2", "Topic2", "Topic2", "Topic2", "Topic2", "Topic2", "Topic2", "Topic2", "Topic2", "Topic2", "Topic2", "Topic2", "Topic2", "Topic2", "Topic2", "Topic2", "Topic2", "Topic2", "Topic2", "Topic2", "Topic2", "Topic2", "Topic2", "Topic2", "Topic2", "Topic2", "Topic2", "Topic2", "Topic2", "Topic3", "Topic3", "Topic3", "Topic3", "Topic3", "Topic3", "Topic3", "Topic3", "Topic3", "Topic3", "Topic3", "Topic3", "Topic3", "Topic3", "Topic3", "Topic3", "Topic3", "Topic3", "Topic3", "Topic3", "Topic3", "Topic3", "Topic3", "Topic3", "Topic3", "Topic3", "Topic3", "Topic3", "Topic3", "Topic3", "Topic1", "Topic3", "Topic3", "Topic2", "Topic2", "Topic3", "Topic1", "Topic1", "Topic2" ] 
},
"token.table": {
 "Term": [ "ago", "america", "american", "back", "best", "better", "busi", "can", "care", "centuri", "chang", "come", "congress", "countri", "creat", "cut", "democraci", "done", "dont", "economi", "elect", "even", "ever", "everi", "everi", "famili", "fight", "first", "folk", "futur", "get", "give", "give", "good", "got", "great", "happen", "hard", "help", "help", "hillari", "hope", "issu", "job", "just", "keep", "kid", "know", "let", "like", "live", "look", "love", "made", "make", "mani", "matter", "nation", "need", "new", "next", "now", "one", "opportun", "past", "pay", "peopl", "polit", "power", "presid", "protect", "right", "secur", "see", "start", "state", "state", "still", "still", "sure", "system", "take", "tell", "that", "that", "thing", "time", "today", "togeth", "tonight", "tri", "unit", "use", "valu", "want", "way", "will", "work", "worker", "world", "vote", "vote", "year", "young" ],