{
 "mdsDat": {
 "x": [ -0.19823, -0.18114, 0.37938 ],
"y": [ 0.31728, -0.32695, 0.009673 ],
"topics": [ 1, 2, 3 ],
"Freq": [  35.97, 34.658, 29.372 ],
"cluster": [      1,      1,      1 ] 
},
"tinfo": {
 "Term": [ "peopl", "crimea", "state", "russian", "russia", "must", "like", "ukrain", "countri", "one", "intern", "will", "need", "support", "govern", "law", "develop", "region", "econom", "busi", "import", "know", "right", "also", "can", "today", "new", "use", "decis", "interest", "peopl", "crimea", "russian", "like", "countri", "one", "support", "also", "can", "today", "decis", "interest", "author", "feder", "good", "understand", "alway", "made", "see", "sevastopol", "thing", "case", "chang", "citizen", "creat", "happen", "well", "common", "secur", "fact", "must", "need", "govern", "develop", "region", "busi", "import", "know", "new", "use", "propos", "ask", "even", "product", "system", "get", "major", "face", "futur", "global", "market", "social", "children", "organis", "programm", "special", "terror", "compani", "fight", "oper", "state", "ukrain", "intern", "law", "econom", "right", "mani", "world", "howev", "situat", "colleagu", "forc", "polit", "want", "way", "part", "live", "histor", "million", "ukrainian", "clear", "continu", "first", "differ", "may", "still", "council", "arm", "build", "crimean", "includ", "russia", "unit", "will", "work", "cours", "terrorist", "make", "issu", "year", "nation", "will", "nation", "year", "now", "time", "believ" ],
"logprob": [     30,     29,     28,     27,     26,     25,     24,     23,     22,     21,     20,     19,     18,     17,     16,     15,     14,     13,     12,     11,     10,      9,      8,      7,      6,      5,      4,      3,      2,      1, -3.581, -3.8221, -3.9342, -4.1616, -4.1831, -4.1831, -4.4281, -4.6443, -4.6443, -4.6443, -4.7157, -4.7157, -4.7926, -4.9204, -4.9204, -4.9669, -5.0669, -5.0669, -5.0669, -5.0669, -5.0669, -5.1781, -5.1781, -5.1781, -5.1781, -5.1781, -5.1781, -5.2387, -5.2387, -5.3032, -4.068, -4.3691, -4.4536, -4.4834, -4.5787, -4.6126, -4.6126, -4.6126, -4.684, -4.684, -4.8888, -4.9353, -5.0893, -5.0893, -5.0893, -5.1465, -5.1465, -5.207, -5.207, -5.207, -5.207, -5.207, -5.2715, -5.2715, -5.2715, -5.2715, -5.2715, -5.3405, -5.3405, -5.3405, -3.8555, -4.1432, -4.3254, -4.4468, -4.5849, -4.6226, -4.7026, -4.7026, -4.7451, -4.7451, -4.7896, -4.7896, -4.8361, -4.8361, -4.8848, -4.9361, -4.9901, -5.1078, -5.1078, -5.1078, -5.1723, -5.1723, -5.1723, -5.2413, -5.2413, -5.2413, -5.3153, -5.3953, -5.3953, -5.3953, -4.7218, -3.6298, -4.8848, -3.8221, -4.6477, -5.1723, -4.9353, -4.6104, -4.8848, -4.684, -4.6618, -4.6477, -4.876, -4.876, -5.0473, -5.0473, -5.1723 ],
"loglift": [     30,     29,     28,     27,     26,     25,     24,     23,     22,     21,     20,     19,     18,     17,     16,     15,     14,     13,     12,     11,     10,      9,      8,      7,      6,      5,      4,      3,      2,      1, 1.0223, 1.0222, 1.0222, 1.0221, 1.0221, 1.0221,  1.022, 1.0218, 1.0218, 1.0218, 1.0218, 1.0218, 1.0217, 1.0216, 1.0216, 1.0216, 1.0215, 1.0215, 1.0215, 1.0215, 1.0215, 1.0214, 1.0214, 1.0214, 1.0214, 1.0214, 1.0214, 1.0213, 1.0213, 1.0212, 1.0592, 1.0591, 1.0591,  1.059,  1.059,  1.059,  1.059,  1.059, 1.0589, 1.0589, 1.0588, 1.0587, 1.0586, 1.0586, 1.0586, 1.0585, 1.0585, 1.0584, 1.0584, 1.0584, 1.0584, 1.0584, 1.0583, 1.0583, 1.0583, 1.0583, 1.0583, 1.0582, 1.0582, 1.0582, 1.2247, 1.2246, 1.2245, 1.2244, 1.2243, 1.2243, 1.2242, 1.2242, 1.2242, 1.2242, 1.2242, 1.2242, 1.2241, 1.2241, 1.2241,  1.224, 1.2239, 1.2238, 1.2238, 1.2238, 1.2237, 1.2237, 1.2237, 1.2236, 1.2236, 1.2236, 1.2235, 1.2233, 1.2233, 1.2233,  1.021, 0.9019, 1.1718, 0.6703, 0.8763,  1.155, 0.9247,  0.761, 0.9068, 0.4407, 0.5375, -0.1553, 0.3233, 0.2488,  0.625, 0.5935, 0.9735 ],
"Freq": [     69,     54,     43,     49,     75,     41,     39,     32,     38,     38,     27,     78,     30,     29,     28,     24,     27,     24,     20,     24,     24,     24,     20,     24,     24,     24,     22,     22,     22,     22, 69.869, 54.899, 49.077, 39.097, 38.265, 38.265, 29.949, 24.127, 24.127, 24.127, 22.464, 22.464,   20.8, 18.305, 18.305, 17.473,  15.81,  15.81,  15.81,  15.81,  15.81, 14.147, 14.147, 14.147, 14.147, 14.147, 14.147, 13.315, 13.315, 12.483, 41.364, 30.612,  28.13, 27.303, 24.822, 23.995, 23.995, 23.995, 22.341, 22.341, 18.205, 17.378, 14.896, 14.896, 14.896, 14.069, 14.069, 13.242, 13.242, 13.242, 13.242, 13.242, 12.415, 12.415, 12.415, 12.415, 12.415, 11.588, 11.588, 11.588, 43.355, 32.518,   27.1, 24.004, 20.907, 20.133, 18.585, 18.585, 17.811, 17.811, 17.037, 17.037, 16.263, 16.263, 15.489, 14.715, 13.941, 12.393, 12.393, 12.393, 11.619, 11.619, 11.619, 10.845, 10.845, 10.845, 10.071, 9.2965, 9.2965, 9.2965, 21.513, 66.542, 15.489, 54.899, 23.168, 11.619, 17.378, 24.959, 15.489, 22.341, 19.359, 23.168, 19.137, 19.137, 13.167, 13.167, 11.619 ],
"Total": [     69,     54,     43,     49,     75,     41,     39,     32,     38,     38,     27,     78,     30,     29,     28,     24,     27,     24,     20,     24,     24,     24,     20,     24,     24,     24,     22,     22,     22,     22, 69.885, 54.915, 49.093, 39.113, 38.281, 38.281, 29.965, 24.143, 24.143, 24.143,  22.48,  22.48, 20.816, 18.321, 18.321, 17.489, 15.826, 15.826, 15.826, 15.826, 15.826, 14.163, 14.163, 14.163, 14.163, 14.163, 14.163, 13.331, 13.331, 12.499,  41.38, 30.628, 28.147, 27.319, 24.838, 24.011, 24.011, 24.011, 22.357, 22.357, 18.221, 17.394, 14.913, 14.913, 14.913, 14.085, 14.085, 13.258, 13.258, 13.258, 13.258, 13.258, 12.431, 12.431, 12.431, 12.431, 12.431, 11.604, 11.604, 11.604, 43.372, 32.535, 27.116,  24.02, 20.924,  20.15, 18.602, 18.602, 17.828, 17.828, 17.054, 17.054,  16.28,  16.28, 15.506, 14.731, 13.957, 12.409, 12.409, 12.409, 11.635, 11.635, 11.635, 10.861, 10.861, 10.861, 10.087, 9.3131, 9.3131, 9.3131, 22.361, 75.073, 16.337, 78.074, 27.828, 12.462, 19.889, 32.419, 21.295, 41.485, 38.504, 78.074, 38.504, 41.485, 23.995, 24.763, 14.944 ],
"Category": [ "Default", "Default", "Default", "Default", "Default", "Default", "Default", "Default", "Default", "Default", "Default", "Default", "Default", "Default", "Default", "Default", "Default", "Default", "Default", "Default", "Default", "Default", "Default", "Default", "Default", "Default", "Default", "Default", "Default", "Default", "Topic1", "Topic1", "Topic1", "Topic1", "Topic1", "Topic1", "Topic1", "Topic1", "Topic1", "Topic1", "Topic1", "Topic1", "Topic1", "Topic1", "Topic1", "Topic1", "Topic1", "Topic1", "Topic1", "Topic1", "Topic1", "Topic1", "Topic1", "Topic1", "Topic1", "Topic1", "Topic1", "Topic1", "Topic1", "Topic1", "Topic2", "Topic2", "Topic2", "Topic2", "Topic2", "Topic2", "Topic2", "Topic2", "Topic2", "Topic2", "Topic2", "Topic2", "Topic2", "Topic2", "Topic2", "Topic2", "Topic2", "Topic2", "Topic2", "Topic2", "Topic2", "Topic2", "Topic2", "Topic2", "Topic2", "Topic2", "Topic2", "Topic2", "Topic2", "Topic2", "Topic3", "Topic3", "Topic3", "Topic3", "Topic3", "Topic3", "Topic3", "Topic3", "Topic3", "Topic3", "Topic3", "Topic3", "Topic3", "Topic3", "Topic3", "Topic3", "Topic3", "Topic3", "Topic3", "Topic3", "Topic3", "Topic3", "Topic3", "Topic3", "Topic3", "Topic3", "Topic3", "Topic3", "Topic3", "Topic3", "Topic2", "Topic1", "Topic3", "Topic1", "Topic2", "Topic3", "Topic2", "Topic1", "Topic3", "Topic2", "Topic3", "Topic2", "Topic1", "Topic1", "Topic3", "Topic3", "Topic3" ] 
},